STATION,NAME,LATITUDE,LONGITUDE,ELEVATION,DATE,PRCP,PRCP_ATTRIBUTES,SNOW,SNOW_ATTRIBUTES,SNWD,SNWD_ATTRIBUTES,TMAX,TMAX_ATTRIBUTES,TMIN,TMIN_ATTRIBUTES
USW00023272,"SAN FRANCISCO DOWNTOWN, CA US",37.7705,-122.4269,45.7,1/1/2021,0.01,",,W,2400",,,0,",,W",58,",,W",45,",,W"
USW00023272,"SAN FRANCISCO DOWNTOWN, CA US",37.7705,-122.4269,45.7,1/2/2021,0.2,",,W,2400",,,0,",,W",52,",,W",48,",,W"
USW00023272,"SAN FRANCISCO DOWNTOWN, CA US",37.7705,-122.4269,45.7,1/3/2021,0,",,W,2400",,,0,",,W",53,",,W",48,",,W"
USW00023272,"SAN FRANCISCO DOWNTOWN, CA US",37.7705,-122.4269,45.7,1/4/2021,0.24,",,W,2400",,,0,",,W",59,",,W",50,",,W"
USW00023272,"SAN FRANCISCO DOWNTOWN, CA US",37.7705,-122.4269,45.7,1/5/2021,0,",,W,2400",,,0,",,W",55,",,W",45,",,W"
USW00023272,"SAN FRANCISCO DOWNTOWN, CA US",37.7705,-122.4269,45.7,1/6/2021,0.03,",,W,2400",,,0,",,W",55,",,W",46,",,W"
USW00023272,"SAN FRANCISCO DOWNTOWN, CA US",37.7705,-122.4269,45.7,1/7/2021,0,",,W,2400",,,0,",,W",57,",,W",49,",,W"
USW00023272,"SAN FRANCISCO DOWNTOWN, CA US",37.7705,-122.4269,45.7,1/8/2021,0.04,",,W,2400",,,0,",,W",56,",,W",49,",,W"
USW00023272,"SAN FRANCISCO DOWNTOWN, CA US",37.7705,-122.4269,45.7,1/9/2021,0,",,W,2400",,,0,",,W",60,",,W",44,",,W"
USW00023272,"SAN FRANCISCO DOWNTOWN, CA US",37.7705,-122.4269,45.7,1/10/2021,0,",,W,2400",,,0,",,W",55,",,W",46,",,W"
USW00023272,"SAN FRANCISCO DOWNTOWN, CA US",37.7705,-122.4269,45.7,1/11/2021,0,",,W,2400",,,0,",,W",58,",,W",47,",,W"
USW00023272,"SAN FRANCISCO DOWNTOWN, CA US",37.7705,-122.4269,45.7,1/12/2021,0,",,W,2400",,,0,",,W",59,",,W",50,",,W"
USW00023272,"SAN FRANCISCO DOWNTOWN, CA US",37.7705,-122.4269,45.7,1/13/2021,0,",,W,2400",,,0,",,W",64,",,W",51,",,W"
USW00023272,"SAN FRANCISCO DOWNTOWN, CA US",37.7705,-122.4269,45.7,1/14/2021,0,",,W,2400",,,0,",,W",65,",,W",50,",,W"
USW00023272,"SAN FRANCISCO DOWNTOWN, CA US",37.7705,-122.4269,45.7,1/15/2021,0,",,W,2400",,,0,",,W",68,",,W",49,",,W"
USW00023272,"SAN FRANCISCO DOWNTOWN, CA US",37.7705,-122.4269,45.7,1/16/2021,0,",,W,2400",,,0,",,W",67,",,W",52,",,W"
USW00023272,"SAN FRANCISCO DOWNTOWN, CA US",37.7705,-122.4269,45.7,1/17/2021,0,",,W,2400",,,0,",,W",74,",,W",51,",,W"
USW00023272,"SAN FRANCISCO DOWNTOWN, CA US",37.7705,-122.4269,45.7,1/18/2021,0,",,W,2400",,,0,",,W",76,",,W",53,",,W"
USW00023272,"SAN FRANCISCO DOWNTOWN, CA US",37.7705,-122.4269,45.7,1/19/2021,0,",,W,2400",,,0,",,W",67,",,W",55,",,W"
USW00023272,"SAN FRANCISCO DOWNTOWN, CA US",37.7705,-122.4269,45.7,1/20/2021,0,",,W,2400",,,0,",,W",65,",,W",49,",,W"
USW00023272,"SAN FRANCISCO DOWNTOWN, CA US",37.7705,-122.4269,45.7,1/21/2021,0,",,W,2400",,,0,",,W",55,",,W",42,",,W"
USW00023272,"SAN FRANCISCO DOWNTOWN, CA US",37.7705,-122.4269,45.7,1/22/2021,0.13,",,W,2400",,,0,",,W",54,",,W",48,",,W"
USW00023272,"SAN FRANCISCO DOWNTOWN, CA US",37.7705,-122.4269,45.7,1/23/2021,0,",,W,2400",,,0,",,W",56,",,W",46,",,W"
USW00023272,"SAN FRANCISCO DOWNTOWN, CA US",37.7705,-122.4269,45.7,1/24/2021,0.1,",,W,2400",,,0,",,W",50,",,W",45,",,W"
USW00023272,"SAN FRANCISCO DOWNTOWN, CA US",37.7705,-122.4269,45.7,1/25/2021,0.01,",,W,2400",,,0,",,W",52,",,W",43,",,W"
USW00023272,"SAN FRANCISCO DOWNTOWN, CA US",37.7705,-122.4269,45.7,1/26/2021,0.35,",,W,2400",,,0,",,W",50,",,W",40,",,W"
USW00023272,"SAN FRANCISCO DOWNTOWN, CA US",37.7705,-122.4269,45.7,1/27/2021,0.63,",,W,2400",,,0,",,W",53,",,W",45,",,W"
USW00023272,"SAN FRANCISCO DOWNTOWN, CA US",37.7705,-122.4269,45.7,1/28/2021,0.61,",,W,2400",,,0,",,W",53,",,W",47,",,W"
USW00023272,"SAN FRANCISCO DOWNTOWN, CA US",37.7705,-122.4269,45.7,1/29/2021,0.47,",,W,2400",,,0,",,W",53,",,W",44,",,W"
USW00023272,"SAN FRANCISCO DOWNTOWN, CA US",37.7705,-122.4269,45.7,1/30/2021,0,",,W,2400",,,0,",,W",58,",,W",46,",,W"
USW00023272,"SAN FRANCISCO DOWNTOWN, CA US",37.7705,-122.4269,45.7,1/31/2021,0,",,W,2400",,,0,",,W",60,",,W",50,",,W"
USW00023272,"SAN FRANCISCO DOWNTOWN, CA US",37.7705,-122.4269,45.7,2/1/2021,0.3,",,W,2400",,,,,63,",,W",48,",,W"
USW00023272,"SAN FRANCISCO DOWNTOWN, CA US",37.7705,-122.4269,45.7,2/2/2021,0.22,",,W,2400",,,0,",,H",59,",,W",49,",,W"
USW00023272,"SAN FRANCISCO DOWNTOWN, CA US",37.7705,-122.4269,45.7,2/3/2021,0,",,W,2400",,,0,",,H",57,",,W",44,",,W"
USW00023272,"SAN FRANCISCO DOWNTOWN, CA US",37.7705,-122.4269,45.7,2/4/2021,0,",,W,2400",,,0,",,H",59,",,W",46,",,W"
USW00023272,"SAN FRANCISCO DOWNTOWN, CA US",37.7705,-122.4269,45.7,2/5/2021,0,",,W,2400",,,0,",,H",66,",,W",45,",,W"
USW00023272,"SAN FRANCISCO DOWNTOWN, CA US",37.7705,-122.4269,45.7,2/6/2021,0,",,W,2400",,,0,",,H",68,",,W",46,",,W"
USW00023272,"SAN FRANCISCO DOWNTOWN, CA US",37.7705,-122.4269,45.7,2/7/2021,0,",,W,2400",,,0,",,H",65,",,W",46,",,W"
USW00023272,"SAN FRANCISCO DOWNTOWN, CA US",37.7705,-122.4269,45.7,2/8/2021,0,",,W,2400",,,0,",,H",59,",,W",46,",,W"
USW00023272,"SAN FRANCISCO DOWNTOWN, CA US",37.7705,-122.4269,45.7,2/9/2021,0,",,W,2400",,,0,",,H",56,",,W",50,",,W"
USW00023272,"SAN FRANCISCO DOWNTOWN, CA US",37.7705,-122.4269,45.7,2/10/2021,0,",,W,2400",,,0,",,H",57,",,W",49,",,W"
USW00023272,"SAN FRANCISCO DOWNTOWN, CA US",37.7705,-122.4269,45.7,2/11/2021,0.52,",,W,2400",,,0,",,H",57,",,W",49,",,W"
USW00023272,"SAN FRANCISCO DOWNTOWN, CA US",37.7705,-122.4269,45.7,2/12/2021,0,",,W,2400",,,,,56,",,W",49,",,W"
USW00023272,"SAN FRANCISCO DOWNTOWN, CA US",37.7705,-122.4269,45.7,2/13/2021,0.08,",,W,2400",,,,,57,",,W",49,",,W"
USW00023272,"SAN FRANCISCO DOWNTOWN, CA US",37.7705,-122.4269,45.7,2/14/2021,0.04,",,W,2400",,,0,",,H",55,",,W",48,",,W"
USW00023272,"SAN FRANCISCO DOWNTOWN, CA US",37.7705,-122.4269,45.7,2/15/2021,0.25,",,W,2400",,,,,55,",,W",50,",,W"
USW00023272,"SAN FRANCISCO DOWNTOWN, CA US",37.7705,-122.4269,45.7,2/16/2021,0,",,W,2400",,,0,",,H",54,",,W",47,",,W"
USW00023272,"SAN FRANCISCO DOWNTOWN, CA US",37.7705,-122.4269,45.7,2/17/2021,0,",,W,2400",,,0,",,H",62,",,W",45,",,W"
USW00023272,"SAN FRANCISCO DOWNTOWN, CA US",37.7705,-122.4269,45.7,2/18/2021,0,",,W,2400",,,0,",,H",62,",,W",46,",,W"
USW00023272,"SAN FRANCISCO DOWNTOWN, CA US",37.7705,-122.4269,45.7,2/19/2021,0.28,",,W,2400",,,0,",,H",54,",,W",48,",,W"
USW00023272,"SAN FRANCISCO DOWNTOWN, CA US",37.7705,-122.4269,45.7,2/20/2021,0.02,",,W,2400",,,,,59,",,W",48,",,W"
USW00023272,"SAN FRANCISCO DOWNTOWN, CA US",37.7705,-122.4269,45.7,2/21/2021,0,",,W,2400",,,,,61,",,W",46,",,W"
USW00023272,"SAN FRANCISCO DOWNTOWN, CA US",37.7705,-122.4269,45.7,2/22/2021,0,",,W,2400",,,0,",,H",68,",,W",48,",,W"
USW00023272,"SAN FRANCISCO DOWNTOWN, CA US",37.7705,-122.4269,45.7,2/23/2021,0,",,W,2400",,,0,",,H",77,",,W",51,",,W"
USW00023272,"SAN FRANCISCO DOWNTOWN, CA US",37.7705,-122.4269,45.7,2/24/2021,0,",,W,2400",,,0,",,H",70,",,W",48,",,W"
USW00023272,"SAN FRANCISCO DOWNTOWN, CA US",37.7705,-122.4269,45.7,2/25/2021,0,",,W,2400",,,0,",,H",64,",,W",51,",,W"
USW00023272,"SAN FRANCISCO DOWNTOWN, CA US",37.7705,-122.4269,45.7,2/26/2021,0,",,W,2400",,,0,",,H",58,",,W",46,",,W"
USW00023272,"SAN FRANCISCO DOWNTOWN, CA US",37.7705,-122.4269,45.7,2/27/2021,0,",,W,2400",,,0,",,H",59,",,W",44,",,W"
USW00023272,"SAN FRANCISCO DOWNTOWN, CA US",37.7705,-122.4269,45.7,2/28/2021,0,",,W,2400",,,,,66,",,W",50,",,W"
USW00023272,"SAN FRANCISCO DOWNTOWN, CA US",37.7705,-122.4269,45.7,3/1/2021,0,",,W,2400",,,,,67,",,W",48,",,W"
USW00023272,"SAN FRANCISCO DOWNTOWN, CA US",37.7705,-122.4269,45.7,3/2/2021,0,",,W,2400",,,0,",,H",61,",,W",47,",,W"
USW00023272,"SAN FRANCISCO DOWNTOWN, CA US",37.7705,-122.4269,45.7,3/3/2021,0,",,W,2400",,,0,",,H",59,",,W",48,",,W"
USW00023272,"SAN FRANCISCO DOWNTOWN, CA US",37.7705,-122.4269,45.7,3/4/2021,0,",,W,2400",,,0,",,H",58,",,W",47,",,W"
USW00023272,"SAN FRANCISCO DOWNTOWN, CA US",37.7705,-122.4269,45.7,3/5/2021,0.22,",,W,2400",,,0,",,H",63,",,W",47,",,W"
USW00023272,"SAN FRANCISCO DOWNTOWN, CA US",37.7705,-122.4269,45.7,3/6/2021,0.05,",,W,2400",,,,,54,",,W",45,",,W"
USW00023272,"SAN FRANCISCO DOWNTOWN, CA US",37.7705,-122.4269,45.7,3/7/2021,0,",,W,2400",,,,,57,",,W",44,",,W"
USW00023272,"SAN FRANCISCO DOWNTOWN, CA US",37.7705,-122.4269,45.7,3/8/2021,0,",,W,2400",,,0,",,H",57,",,W",48,",,W"
USW00023272,"SAN FRANCISCO DOWNTOWN, CA US",37.7705,-122.4269,45.7,3/9/2021,0.31,",,W,2400",,,0,",,H",56,",,W",45,",,W"
USW00023272,"SAN FRANCISCO DOWNTOWN, CA US",37.7705,-122.4269,45.7,3/10/2021,0.3,",,W,2400",,,,,53,",,W",44,",,W"
USW00023272,"SAN FRANCISCO DOWNTOWN, CA US",37.7705,-122.4269,45.7,3/11/2021,0.14,",,W,2400",,,,,56,",,W",43,",,W"
USW00023272,"SAN FRANCISCO DOWNTOWN, CA US",37.7705,-122.4269,45.7,3/12/2021,0,",,W,2400",,,,,60,",,W",45,",,W"
USW00023272,"SAN FRANCISCO DOWNTOWN, CA US",37.7705,-122.4269,45.7,3/13/2021,0,",,W,2400",,,,,53,",,W",48,",,W"
USW00023272,"SAN FRANCISCO DOWNTOWN, CA US",37.7705,-122.4269,45.7,3/14/2021,0.16,",,W,2400",,,,,55,",,W",45,",,W"
USW00023272,"SAN FRANCISCO DOWNTOWN, CA US",37.7705,-122.4269,45.7,3/15/2021,0,",,W,2400",,,0,",,H",53,",,W",44,",,W"
USW00023272,"SAN FRANCISCO DOWNTOWN, CA US",37.7705,-122.4269,45.7,3/16/2021,0,",,W,2400",,,0,",,H",53,",,W",43,",,W"
USW00023272,"SAN FRANCISCO DOWNTOWN, CA US",37.7705,-122.4269,45.7,3/17/2021,0,",,W,2400",,,0,",,H",54,",,W",44,",,W"
USW00023272,"SAN FRANCISCO DOWNTOWN, CA US",37.7705,-122.4269,45.7,3/18/2021,0.43,",,W,2400",,,0,",,H",54,",,W",49,",,W"
USW00023272,"SAN FRANCISCO DOWNTOWN, CA US",37.7705,-122.4269,45.7,3/19/2021,0.01,",,W,2400",,,,,58,",,W",50,",,W"
USW00023272,"SAN FRANCISCO DOWNTOWN, CA US",37.7705,-122.4269,45.7,3/20/2021,0,",,W,2400",,,,,57,",,W",46,",,W"
USW00023272,"SAN FRANCISCO DOWNTOWN, CA US",37.7705,-122.4269,45.7,3/21/2021,0,",,W,2400",,,,,59,",,W",45,",,W"
USW00023272,"SAN FRANCISCO DOWNTOWN, CA US",37.7705,-122.4269,45.7,3/22/2021,0,",,W,2400",,,,,58,",,W",46,",,W"
USW00023272,"SAN FRANCISCO DOWNTOWN, CA US",37.7705,-122.4269,45.7,3/23/2021,0,",,W,2400",,,,,65,",,W",48,",,W"
USW00023272,"SAN FRANCISCO DOWNTOWN, CA US",37.7705,-122.4269,45.7,3/24/2021,0,",,W,2400",,,,,65,",,W",49,",,W"
USW00023272,"SAN FRANCISCO DOWNTOWN, CA US",37.7705,-122.4269,45.7,3/25/2021,0,",,W,2400",,,,,58,",,W",48,",,W"
USW00023272,"SAN FRANCISCO DOWNTOWN, CA US",37.7705,-122.4269,45.7,3/26/2021,0,",,W,2400",,,,,67,",,W",47,",,W"
USW00023272,"SAN FRANCISCO DOWNTOWN, CA US",37.7705,-122.4269,45.7,3/27/2021,0,",,W,2400",,,,,69,",,W",48,",,W"
USW00023272,"SAN FRANCISCO DOWNTOWN, CA US",37.7705,-122.4269,45.7,3/28/2021,0,",,W,2400",,,,,67,",,W",46,",,W"
USW00023272,"SAN FRANCISCO DOWNTOWN, CA US",37.7705,-122.4269,45.7,3/29/2021,0,",,W,2400",,,,,60,",,W",47,",,W"
USW00023272,"SAN FRANCISCO DOWNTOWN, CA US",37.7705,-122.4269,45.7,3/30/2021,0,",,W,2400",,,,,75,",,W",51,",,W"
USW00023272,"SAN FRANCISCO DOWNTOWN, CA US",37.7705,-122.4269,45.7,3/31/2021,0,",,W,2400",,,,,80,",,W",54,",,W"
USW00023272,"SAN FRANCISCO DOWNTOWN, CA US",37.7705,-122.4269,45.7,4/1/2021,0,",,W,2400",,,,,78,",,W",55,",,W"
USW00023272,"SAN FRANCISCO DOWNTOWN, CA US",37.7705,-122.4269,45.7,4/2/2021,0,",,W,2400",,,,,61,",,W",47,",,W"
USW00023272,"SAN FRANCISCO DOWNTOWN, CA US",37.7705,-122.4269,45.7,4/3/2021,0,",,W,2400",,,,,58,",,W",49,",,W"
USW00023272,"SAN FRANCISCO DOWNTOWN, CA US",37.7705,-122.4269,45.7,4/4/2021,0,",,W,2400",,,,,58,",,W",50,",,W"
USW00023272,"SAN FRANCISCO DOWNTOWN, CA US",37.7705,-122.4269,45.7,4/5/2021,0,",,W,2400",,,,,54,",,W",49,",,W"
USW00023272,"SAN FRANCISCO DOWNTOWN, CA US",37.7705,-122.4269,45.7,4/6/2021,0,",,W,2400",,,,,56,",,W",48,",,W"
USW00023272,"SAN FRANCISCO DOWNTOWN, CA US",37.7705,-122.4269,45.7,4/7/2021,0,",,W,2400",,,,,55,",,W",48,",,W"
USW00023272,"SAN FRANCISCO DOWNTOWN, CA US",37.7705,-122.4269,45.7,4/8/2021,0,",,W,2400",,,,,59,",,W",47,",,W"
USW00023272,"SAN FRANCISCO DOWNTOWN, CA US",37.7705,-122.4269,45.7,4/9/2021,0,",,W,2400",,,,,57,",,W",47,",,W"
USW00023272,"SAN FRANCISCO DOWNTOWN, CA US",37.7705,-122.4269,45.7,4/10/2021,0,",,W,2400",,,,,63,",,W",46,",,W"
USW00023272,"SAN FRANCISCO DOWNTOWN, CA US",37.7705,-122.4269,45.7,4/11/2021,0,",,W,2400",,,,,64,",,W",46,",,W"
USW00023272,"SAN FRANCISCO DOWNTOWN, CA US",37.7705,-122.4269,45.7,4/12/2021,0,",,W,2400",,,,,59,",,W",48,",,W"
USW00023272,"SAN FRANCISCO DOWNTOWN, CA US",37.7705,-122.4269,45.7,4/13/2021,0,",,W,2400",,,,,56,",,W",48,",,W"
USW00023272,"SAN FRANCISCO DOWNTOWN, CA US",37.7705,-122.4269,45.7,4/14/2021,0,",,W,2400",,,,,61,",,W",48,",,W"
USW00023272,"SAN FRANCISCO DOWNTOWN, CA US",37.7705,-122.4269,45.7,4/15/2021,0,",,W,2400",,,,,57,",,W",48,",,W"
USW00023272,"SAN FRANCISCO DOWNTOWN, CA US",37.7705,-122.4269,45.7,4/16/2021,0,",,W,2400",,,,,55,",,W",47,",,W"
USW00023272,"SAN FRANCISCO DOWNTOWN, CA US",37.7705,-122.4269,45.7,4/17/2021,0,",,W,2400",,,,,56,",,W",47,",,W"
USW00023272,"SAN FRANCISCO DOWNTOWN, CA US",37.7705,-122.4269,45.7,4/18/2021,0,",,W,2400",,,,,70,",,W",47,",,W"
USW00023272,"SAN FRANCISCO DOWNTOWN, CA US",37.7705,-122.4269,45.7,4/19/2021,0,",,W,2400",,,,,58,",,W",48,",,W"
USW00023272,"SAN FRANCISCO DOWNTOWN, CA US",37.7705,-122.4269,45.7,4/20/2021,0,",,W,2400",,,,,58,",,W",49,",,W"
USW00023272,"SAN FRANCISCO DOWNTOWN, CA US",37.7705,-122.4269,45.7,4/21/2021,0,",,W,2400",,,,,54,",,W",48,",,W"
USW00023272,"SAN FRANCISCO DOWNTOWN, CA US",37.7705,-122.4269,45.7,4/22/2021,0,",,W,2400",,,,,52,",,W",49,",,W"
USW00023272,"SAN FRANCISCO DOWNTOWN, CA US",37.7705,-122.4269,45.7,4/23/2021,0,",,W,2400",,,,,59,",,W",49,",,W"
USW00023272,"SAN FRANCISCO DOWNTOWN, CA US",37.7705,-122.4269,45.7,4/24/2021,0.04,",,W,2400",,,,,60,",,W",48,",,W"
USW00023272,"SAN FRANCISCO DOWNTOWN, CA US",37.7705,-122.4269,45.7,4/25/2021,0.13,",,W,2400",,,,,56,",,W",49,",,W"
USW00023272,"SAN FRANCISCO DOWNTOWN, CA US",37.7705,-122.4269,45.7,4/26/2021,0,",,W,2400",,,,,58,",,W",47,",,W"
USW00023272,"SAN FRANCISCO DOWNTOWN, CA US",37.7705,-122.4269,45.7,4/27/2021,0,",,W,2400",,,,,62,",,W",47,",,W"
USW00023272,"SAN FRANCISCO DOWNTOWN, CA US",37.7705,-122.4269,45.7,4/28/2021,0,",,W,2400",,,,,71,",,W",50,",,W"
USW00023272,"SAN FRANCISCO DOWNTOWN, CA US",37.7705,-122.4269,45.7,4/29/2021,0,",,W,2400",,,,,57,",,W",49,",,W"
USW00023272,"SAN FRANCISCO DOWNTOWN, CA US",37.7705,-122.4269,45.7,4/30/2021,0,",,W,2400",,,,,57,",,W",50,",,W"
USW00023272,"SAN FRANCISCO DOWNTOWN, CA US",37.7705,-122.4269,45.7,5/1/2021,0.01,",,W,2400",,,0,",,W",57,",,W",50,",,W"
USW00023272,"SAN FRANCISCO DOWNTOWN, CA US",37.7705,-122.4269,45.7,5/2/2021,0,",,W,2400",,,0,",,W",65,",,W",49,",,W"
USW00023272,"SAN FRANCISCO DOWNTOWN, CA US",37.7705,-122.4269,45.7,5/3/2021,0,",,W,2400",,,0,",,W",70,",,W",51,",,W"
USW00023272,"SAN FRANCISCO DOWNTOWN, CA US",37.7705,-122.4269,45.7,5/4/2021,0,",,W,2400",,,0,",,W",69,",,W",54,",,W"
USW00023272,"SAN FRANCISCO DOWNTOWN, CA US",37.7705,-122.4269,45.7,5/5/2021,0,",,W,2400",,,0,",,W",60,",,W",49,",,W"
USW00023272,"SAN FRANCISCO DOWNTOWN, CA US",37.7705,-122.4269,45.7,5/6/2021,0,",,W,2400",,,0,",,W",59,",,W",48,",,W"
USW00023272,"SAN FRANCISCO DOWNTOWN, CA US",37.7705,-122.4269,45.7,5/7/2021,0,",,W,2400",,,0,",,W",64,",,W",49,",,W"
USW00023272,"SAN FRANCISCO DOWNTOWN, CA US",37.7705,-122.4269,45.7,5/8/2021,0,",,W,2400",,,0,",,W",75,",,W",50,",,W"
USW00023272,"SAN FRANCISCO DOWNTOWN, CA US",37.7705,-122.4269,45.7,5/9/2021,0,",,W,2400",,,0,",,W",70,",,W",52,",,W"
USW00023272,"SAN FRANCISCO DOWNTOWN, CA US",37.7705,-122.4269,45.7,5/10/2021,0,",,W,2400",,,0,",,W",73,",,W",51,",,W"
USW00023272,"SAN FRANCISCO DOWNTOWN, CA US",37.7705,-122.4269,45.7,5/11/2021,0,",,W,2400",,,0,",,W",60,",,W",50,",,W"
USW00023272,"SAN FRANCISCO DOWNTOWN, CA US",37.7705,-122.4269,45.7,5/12/2021,0,",,W,2400",,,0,",,W",60,",,W",48,",,W"
USW00023272,"SAN FRANCISCO DOWNTOWN, CA US",37.7705,-122.4269,45.7,5/13/2021,0,",,W,2400",,,0,",,W",56,",,W",48,",,W"
USW00023272,"SAN FRANCISCO DOWNTOWN, CA US",37.7705,-122.4269,45.7,5/14/2021,0,",,W,2400",,,0,",,W",55,",,W",49,",,W"
USW00023272,"SAN FRANCISCO DOWNTOWN, CA US",37.7705,-122.4269,45.7,5/15/2021,0,",,W,2400",,,0,",,W",56,",,W",49,",,W"
USW00023272,"SAN FRANCISCO DOWNTOWN, CA US",37.7705,-122.4269,45.7,5/16/2021,0,",,W,2400",,,0,",,W",57,",,W",50,",,W"
USW00023272,"SAN FRANCISCO DOWNTOWN, CA US",37.7705,-122.4269,45.7,5/17/2021,0.01,",,W,2400",,,0,",,W",56,",,W",49,",,W"
USW00023272,"SAN FRANCISCO DOWNTOWN, CA US",37.7705,-122.4269,45.7,5/18/2021,0,",,W,2400",,,0,",,W",63,",,W",50,",,W"
USW00023272,"SAN FRANCISCO DOWNTOWN, CA US",37.7705,-122.4269,45.7,5/19/2021,0,",,W,2400",,,0,",,W",59,",,W",49,",,W"
USW00023272,"SAN FRANCISCO DOWNTOWN, CA US",37.7705,-122.4269,45.7,5/20/2021,0,",,W,2400",,,0,",,W",60,",,W",48,",,W"
USW00023272,"SAN FRANCISCO DOWNTOWN, CA US",37.7705,-122.4269,45.7,5/21/2021,0,",,W,2400",,,0,",,W",61,",,W",49,",,W"
USW00023272,"SAN FRANCISCO DOWNTOWN, CA US",37.7705,-122.4269,45.7,5/22/2021,0,",,W,2400",,,0,",,W",61,",,W",49,",,W"
USW00023272,"SAN FRANCISCO DOWNTOWN, CA US",37.7705,-122.4269,45.7,5/23/2021,0,",,W,2400",,,0,",,W",59,",,W",51,",,W"
USW00023272,"SAN FRANCISCO DOWNTOWN, CA US",37.7705,-122.4269,45.7,5/24/2021,0,",,W,2400",,,0,",,W",58,",,W",49,",,W"
USW00023272,"SAN FRANCISCO DOWNTOWN, CA US",37.7705,-122.4269,45.7,5/25/2021,0,",,W,2400",,,0,",,W",61,",,W",51,",,W"
USW00023272,"SAN FRANCISCO DOWNTOWN, CA US",37.7705,-122.4269,45.7,5/26/2021,0,",,W,2400",,,0,",,W",62,",,W",50,",,W"
USW00023272,"SAN FRANCISCO DOWNTOWN, CA US",37.7705,-122.4269,45.7,5/27/2021,0,",,W,2400",,,0,",,W",61,",,W",49,",,W"
USW00023272,"SAN FRANCISCO DOWNTOWN, CA US",37.7705,-122.4269,45.7,5/28/2021,0,",,W,2400",,,0,",,W",60,",,W",51,",,W"
USW00023272,"SAN FRANCISCO DOWNTOWN, CA US",37.7705,-122.4269,45.7,5/29/2021,0,",,W,2400",,,0,",,W",57,",,W",50,",,W"
USW00023272,"SAN FRANCISCO DOWNTOWN, CA US",37.7705,-122.4269,45.7,5/30/2021,0,",,W,2400",,,0,",,W",67,",,W",51,",,W"
USW00023272,"SAN FRANCISCO DOWNTOWN, CA US",37.7705,-122.4269,45.7,5/31/2021,0,",,W,2400",,,0,",,W",69,",,W",53,",,W"
USW00023272,"SAN FRANCISCO DOWNTOWN, CA US",37.7705,-122.4269,45.7,6/1/2021,0,",,W,2400",,,,,62,",,W",51,",,W"
USW00023272,"SAN FRANCISCO DOWNTOWN, CA US",37.7705,-122.4269,45.7,6/2/2021,0,",,W,2400",,,,,59,",,W",50,",,W"
USW00023272,"SAN FRANCISCO DOWNTOWN, CA US",37.7705,-122.4269,45.7,6/3/2021,0,",,W,2400",,,,,67,",,W",51,",,W"
USW00023272,"SAN FRANCISCO DOWNTOWN, CA US",37.7705,-122.4269,45.7,6/4/2021,0,",,W,2400",,,,,58,",,W",52,",,W"
USW00023272,"SAN FRANCISCO DOWNTOWN, CA US",37.7705,-122.4269,45.7,6/5/2021,0,",,W,2400",,,,,66,",,W",52,",,W"
USW00023272,"SAN FRANCISCO DOWNTOWN, CA US",37.7705,-122.4269,45.7,6/6/2021,0,",,W,2400",,,,,63,",,W",52,",,W"
USW00023272,"SAN FRANCISCO DOWNTOWN, CA US",37.7705,-122.4269,45.7,6/7/2021,0,",,W,2400",,,,,60,",,W",51,",,W"
USW00023272,"SAN FRANCISCO DOWNTOWN, CA US",37.7705,-122.4269,45.7,6/8/2021,0,",,W,2400",,,,,61,",,W",51,",,W"
USW00023272,"SAN FRANCISCO DOWNTOWN, CA US",37.7705,-122.4269,45.7,6/9/2021,0,",,W,2400",,,,,61,",,W",51,",,W"
USW00023272,"SAN FRANCISCO DOWNTOWN, CA US",37.7705,-122.4269,45.7,6/10/2021,0,",,W,2400",,,,,62,",,W",51,",,W"
USW00023272,"SAN FRANCISCO DOWNTOWN, CA US",37.7705,-122.4269,45.7,6/11/2021,0,",,W,2400",,,,,66,",,W",53,",,W"
USW00023272,"SAN FRANCISCO DOWNTOWN, CA US",37.7705,-122.4269,45.7,6/12/2021,0,",,W,2400",,,,,73,",,W",58,",,W"
USW00023272,"SAN FRANCISCO DOWNTOWN, CA US",37.7705,-122.4269,45.7,6/13/2021,0,",,W,2400",,,,,67,",,W",56,",,W"
USW00023272,"SAN FRANCISCO DOWNTOWN, CA US",37.7705,-122.4269,45.7,6/14/2021,0.01,",,W,2400",,,,,66,",,W",55,",,W"
USW00023272,"SAN FRANCISCO DOWNTOWN, CA US",37.7705,-122.4269,45.7,6/15/2021,0,",,W,2400",,,,,69,",,W",52,",,W"
USW00023272,"SAN FRANCISCO DOWNTOWN, CA US",37.7705,-122.4269,45.7,6/16/2021,0,",,W,2400",,,,,75,",,W",57,",,W"
USW00023272,"SAN FRANCISCO DOWNTOWN, CA US",37.7705,-122.4269,45.7,6/17/2021,0,",,W,2400",,,,,80,",,W",58,",,W"
USW00023272,"SAN FRANCISCO DOWNTOWN, CA US",37.7705,-122.4269,45.7,6/18/2021,0,",,W,2400",,,,,75,",,W",55,",,W"
USW00023272,"SAN FRANCISCO DOWNTOWN, CA US",37.7705,-122.4269,45.7,6/19/2021,0,",,W,2400",,,,,66,",,W",54,",,W"
USW00023272,"SAN FRANCISCO DOWNTOWN, CA US",37.7705,-122.4269,45.7,6/20/2021,0,",,W,2400",,,,,63,",,W",54,",,W"
USW00023272,"SAN FRANCISCO DOWNTOWN, CA US",37.7705,-122.4269,45.7,6/21/2021,0,",,W,2400",,,,,65,",,W",56,",,W"
USW00023272,"SAN FRANCISCO DOWNTOWN, CA US",37.7705,-122.4269,45.7,6/22/2021,0,",,W,2400",,,,,68,",,W",59,",,W"
USW00023272,"SAN FRANCISCO DOWNTOWN, CA US",37.7705,-122.4269,45.7,6/23/2021,0,",,W,2400",,,,,67,",,W",58,",,W"
USW00023272,"SAN FRANCISCO DOWNTOWN, CA US",37.7705,-122.4269,45.7,6/24/2021,0,",,W,2400",,,,,67,",,W",57,",,W"
USW00023272,"SAN FRANCISCO DOWNTOWN, CA US",37.7705,-122.4269,45.7,6/25/2021,0,",,W,2400",,,,,62,",,W",54,",,W"
USW00023272,"SAN FRANCISCO DOWNTOWN, CA US",37.7705,-122.4269,45.7,6/26/2021,0,",,W,2400",,,,,64,",,W",54,",,W"
USW00023272,"SAN FRANCISCO DOWNTOWN, CA US",37.7705,-122.4269,45.7,6/27/2021,0,",,W,2400",,,,,61,",,W",55,",,W"
USW00023272,"SAN FRANCISCO DOWNTOWN, CA US",37.7705,-122.4269,45.7,6/28/2021,0,",,W,2400",,,,,62,",,W",54,",,W"
USW00023272,"SAN FRANCISCO DOWNTOWN, CA US",37.7705,-122.4269,45.7,6/29/2021,0,",,W,2400",,,,,65,",,W",54,",,W"
USW00023272,"SAN FRANCISCO DOWNTOWN, CA US",37.7705,-122.4269,45.7,6/30/2021,0,",,W,2400",,,,,61,",,W",55,",,W"
USW00023272,"SAN FRANCISCO DOWNTOWN, CA US",37.7705,-122.4269,45.7,7/1/2021,0,",,W,2400",,,,,65,",,W",56,",,W"
USW00023272,"SAN FRANCISCO DOWNTOWN, CA US",37.7705,-122.4269,45.7,7/2/2021,0,",,W,2400",,,,,63,",,W",56,",,W"
USW00023272,"SAN FRANCISCO DOWNTOWN, CA US",37.7705,-122.4269,45.7,7/3/2021,0,",,W,2400",,,,,64,",,W",55,",,W"
USW00023272,"SAN FRANCISCO DOWNTOWN, CA US",37.7705,-122.4269,45.7,7/4/2021,0,",,W,2400",,,,,64,",,W",56,",,W"
USW00023272,"SAN FRANCISCO DOWNTOWN, CA US",37.7705,-122.4269,45.7,7/5/2021,0,",,W,2400",,,,,64,",,W",55,",,W"
USW00023272,"SAN FRANCISCO DOWNTOWN, CA US",37.7705,-122.4269,45.7,7/6/2021,0,",,W,2400",,,,,60,",,W",54,",,W"
USW00023272,"SAN FRANCISCO DOWNTOWN, CA US",37.7705,-122.4269,45.7,7/7/2021,0,",,W,2400",,,,,60,",,W",53,",,W"
USW00023272,"SAN FRANCISCO DOWNTOWN, CA US",37.7705,-122.4269,45.7,7/8/2021,0,",,W,2400",,,,,69,",,W",53,",,W"
USW00023272,"SAN FRANCISCO DOWNTOWN, CA US",37.7705,-122.4269,45.7,7/9/2021,0,",,W,2400",,,,,68,",,W",54,",,W"
USW00023272,"SAN FRANCISCO DOWNTOWN, CA US",37.7705,-122.4269,45.7,7/10/2021,0,",,W,2400",,,,,66,",,W",53,",,W"
USW00023272,"SAN FRANCISCO DOWNTOWN, CA US",37.7705,-122.4269,45.7,7/11/2021,0,",,W,2400",,,,,58,",,W",52,",,W"
USW00023272,"SAN FRANCISCO DOWNTOWN, CA US",37.7705,-122.4269,45.7,7/12/2021,0,",,W,2400",,,,,57,",,W",52,",,W"
USW00023272,"SAN FRANCISCO DOWNTOWN, CA US",37.7705,-122.4269,45.7,7/13/2021,0,",,W,2400",,,,,59,",,W",52,",,W"
USW00023272,"SAN FRANCISCO DOWNTOWN, CA US",37.7705,-122.4269,45.7,7/14/2021,0,",,W,2400",,,,,63,",,W",53,",,W"
USW00023272,"SAN FRANCISCO DOWNTOWN, CA US",37.7705,-122.4269,45.7,7/15/2021,0,",,W,2400",,,,,59,",,W",52,",,W"
USW00023272,"SAN FRANCISCO DOWNTOWN, CA US",37.7705,-122.4269,45.7,7/16/2021,0,",,W,2400",,,,,63,",,W",52,",,W"
USW00023272,"SAN FRANCISCO DOWNTOWN, CA US",37.7705,-122.4269,45.7,7/17/2021,0,",,W,2400",,,,,65,",,W",54,",,W"
USW00023272,"SAN FRANCISCO DOWNTOWN, CA US",37.7705,-122.4269,45.7,7/18/2021,0,",,W,2400",,,,,65,",,W",54,",,W"
USW00023272,"SAN FRANCISCO DOWNTOWN, CA US",37.7705,-122.4269,45.7,7/19/2021,0,",,W,2400",,,,,65,",,W",55,",,W"
USW00023272,"SAN FRANCISCO DOWNTOWN, CA US",37.7705,-122.4269,45.7,7/20/2021,0,",,W,2400",,,,,62,",,W",55,",,W"
USW00023272,"SAN FRANCISCO DOWNTOWN, CA US",37.7705,-122.4269,45.7,7/21/2021,0,",,W,2400",,,,,64,",,W",54,",,W"
USW00023272,"SAN FRANCISCO DOWNTOWN, CA US",37.7705,-122.4269,45.7,7/22/2021,0,",,W,2400",,,,,61,",,W",54,",,W"
USW00023272,"SAN FRANCISCO DOWNTOWN, CA US",37.7705,-122.4269,45.7,7/23/2021,0,",,W,2400",,,,,67,",,W",54,",,W"
USW00023272,"SAN FRANCISCO DOWNTOWN, CA US",37.7705,-122.4269,45.7,7/24/2021,0,",,W,2400",,,,,64,",,W",53,",,W"
USW00023272,"SAN FRANCISCO DOWNTOWN, CA US",37.7705,-122.4269,45.7,7/25/2021,0,",,W,2400",,,,,65,",,W",54,",,W"
USW00023272,"SAN FRANCISCO DOWNTOWN, CA US",37.7705,-122.4269,45.7,7/26/2021,0,",,W,2400",,,,,63,",,W",55,",,W"
USW00023272,"SAN FRANCISCO DOWNTOWN, CA US",37.7705,-122.4269,45.7,7/27/2021,0,",,W,2400",,,,,69,",,W",55,",,W"
USW00023272,"SAN FRANCISCO DOWNTOWN, CA US",37.7705,-122.4269,45.7,7/28/2021,0,",,W,2400",,,,,66,",,W",55,",,W"
USW00023272,"SAN FRANCISCO DOWNTOWN, CA US",37.7705,-122.4269,45.7,7/29/2021,0,",,W,2400",,,,,66,",,W",56,",,W"
USW00023272,"SAN FRANCISCO DOWNTOWN, CA US",37.7705,-122.4269,45.7,7/30/2021,0,",,W,2400",,,,,66,",,W",55,",,W"
USW00023272,"SAN FRANCISCO DOWNTOWN, CA US",37.7705,-122.4269,45.7,7/31/2021,0,",,W,2400",,,,,66,",,W",57,",,W"
USW00023272,"SAN FRANCISCO DOWNTOWN, CA US",37.7705,-122.4269,45.7,8/1/2021,0,",,W,2400",,,,,67,",,W",57,",,W"
USW00023272,"SAN FRANCISCO DOWNTOWN, CA US",37.7705,-122.4269,45.7,8/2/2021,0,",,W,2400",,,,,67,",,W",56,",,W"
USW00023272,"SAN FRANCISCO DOWNTOWN, CA US",37.7705,-122.4269,45.7,8/3/2021,0,",,W,2400",,,,,66,",,W",54,",,W"
USW00023272,"SAN FRANCISCO DOWNTOWN, CA US",37.7705,-122.4269,45.7,8/4/2021,0.01,",,W,2400",,,,,63,",,W",55,",,W"
USW00023272,"SAN FRANCISCO DOWNTOWN, CA US",37.7705,-122.4269,45.7,8/5/2021,0.04,",,W,2400",,,,,62,",,W",55,",,W"
USW00023272,"SAN FRANCISCO DOWNTOWN, CA US",37.7705,-122.4269,45.7,8/6/2021,0,",,W,2400",,,,,70,",,W",57,",,W"
USW00023272,"SAN FRANCISCO DOWNTOWN, CA US",37.7705,-122.4269,45.7,8/7/2021,0,",,W,2400",,,,,67,",,W",56,",,W"
USW00023272,"SAN FRANCISCO DOWNTOWN, CA US",37.7705,-122.4269,45.7,8/8/2021,0,",,W,2400",,,,,69,",,W",57,",,W"
USW00023272,"SAN FRANCISCO DOWNTOWN, CA US",37.7705,-122.4269,45.7,8/9/2021,0,",,W,2400",,,,,67,",,W",56,",,W"
USW00023272,"SAN FRANCISCO DOWNTOWN, CA US",37.7705,-122.4269,45.7,8/10/2021,0,",,W,2400",,,,,68,",,W",57,",,W"
USW00023272,"SAN FRANCISCO DOWNTOWN, CA US",37.7705,-122.4269,45.7,8/11/2021,0,",,W,2400",,,,,66,",,W",56,",,W"
USW00023272,"SAN FRANCISCO DOWNTOWN, CA US",37.7705,-122.4269,45.7,8/12/2021,0,",,W,2400",,,,,65,",,W",57,",,W"
USW00023272,"SAN FRANCISCO DOWNTOWN, CA US",37.7705,-122.4269,45.7,8/13/2021,0,",,W,2400",,,,,64,",,W",58,",,W"
USW00023272,"SAN FRANCISCO DOWNTOWN, CA US",37.7705,-122.4269,45.7,8/14/2021,0,",,W,2400",,,,,65,",,W",57,",,W"
USW00023272,"SAN FRANCISCO DOWNTOWN, CA US",37.7705,-122.4269,45.7,8/15/2021,0,",,W,2400",,,,,67,",,W",57,",,W"
USW00023272,"SAN FRANCISCO DOWNTOWN, CA US",37.7705,-122.4269,45.7,8/16/2021,0,",,W,2400",,,,,69,",,W",56,",,W"
USW00023272,"SAN FRANCISCO DOWNTOWN, CA US",37.7705,-122.4269,45.7,8/17/2021,0,",,W,2400",,,,,66,",,W",56,",,W"
USW00023272,"SAN FRANCISCO DOWNTOWN, CA US",37.7705,-122.4269,45.7,8/18/2021,0,",,W,2400",,,,,69,",,W",57,",,W"
USW00023272,"SAN FRANCISCO DOWNTOWN, CA US",37.7705,-122.4269,45.7,8/19/2021,0,",,W,2400",,,,,67,",,W",59,",,W"
USW00023272,"SAN FRANCISCO DOWNTOWN, CA US",37.7705,-122.4269,45.7,8/20/2021,0,",,W,2400",,,,,64,",,W",59,",,W"
USW00023272,"SAN FRANCISCO DOWNTOWN, CA US",37.7705,-122.4269,45.7,8/21/2021,0,",,W,2400",,,,,63,",,W",57,",,W"
USW00023272,"SAN FRANCISCO DOWNTOWN, CA US",37.7705,-122.4269,45.7,8/22/2021,0,",,W,2400",,,,,67,",,W",57,",,W"
USW00023272,"SAN FRANCISCO DOWNTOWN, CA US",37.7705,-122.4269,45.7,8/23/2021,0,",,W,2400",,,,,65,",,W",56,",,W"
USW00023272,"SAN FRANCISCO DOWNTOWN, CA US",37.7705,-122.4269,45.7,8/24/2021,0,",,W,2400",,,,,66,",,W",56,",,W"
USW00023272,"SAN FRANCISCO DOWNTOWN, CA US",37.7705,-122.4269,45.7,8/25/2021,0,",,W,2400",,,,,65,",,W",55,",,W"
USW00023272,"SAN FRANCISCO DOWNTOWN, CA US",37.7705,-122.4269,45.7,8/26/2021,0,",,W,2400",,,,,71,",,W",56,",,W"
USW00023272,"SAN FRANCISCO DOWNTOWN, CA US",37.7705,-122.4269,45.7,8/27/2021,0,",,W,2400",,,,,80,",,W",58,",,W"
USW00023272,"SAN FRANCISCO DOWNTOWN, CA US",37.7705,-122.4269,45.7,8/28/2021,0,",,W,2400",,,,,84,",,W",59,",,W"
USW00023272,"SAN FRANCISCO DOWNTOWN, CA US",37.7705,-122.4269,45.7,8/29/2021,0,",,W,2400",,,,,68,",,W",57,",,W"
USW00023272,"SAN FRANCISCO DOWNTOWN, CA US",37.7705,-122.4269,45.7,8/30/2021,0,",,W,2400",,,,,68,",,W",56,",,W"
USW00023272,"SAN FRANCISCO DOWNTOWN, CA US",37.7705,-122.4269,45.7,8/31/2021,0,",,W,2400",,,,,65,",,W",57,",,W"
USW00023272,"SAN FRANCISCO DOWNTOWN, CA US",37.7705,-122.4269,45.7,9/1/2021,0,",,W,2400",,,,,64,",,W",56,",,W"
USW00023272,"SAN FRANCISCO DOWNTOWN, CA US",37.7705,-122.4269,45.7,9/2/2021,0,",,W,2400",,,,,66,",,W",56,",,W"
USW00023272,"SAN FRANCISCO DOWNTOWN, CA US",37.7705,-122.4269,45.7,9/3/2021,0,",,W,2400",,,,,61,",,W",54,",,W"
USW00023272,"SAN FRANCISCO DOWNTOWN, CA US",37.7705,-122.4269,45.7,9/4/2021,0,",,W,2400",,,,,66,",,W",53,",,W"
USW00023272,"SAN FRANCISCO DOWNTOWN, CA US",37.7705,-122.4269,45.7,9/5/2021,0,",,W,2400",,,,,68,",,W",52,",,W"
USW00023272,"SAN FRANCISCO DOWNTOWN, CA US",37.7705,-122.4269,45.7,9/6/2021,0,",,W,2400",,,,,77,",,W",54,",,W"
USW00023272,"SAN FRANCISCO DOWNTOWN, CA US",37.7705,-122.4269,45.7,9/7/2021,0,",,W,2400",,,,,66,",,W",57,",,W"
USW00023272,"SAN FRANCISCO DOWNTOWN, CA US",37.7705,-122.4269,45.7,9/8/2021,0,",,W,2400",,,,,70,",,W",59,",,W"
USW00023272,"SAN FRANCISCO DOWNTOWN, CA US",37.7705,-122.4269,45.7,9/9/2021,0,",,W,2400",,,,,64,",,W",57,",,W"
USW00023272,"SAN FRANCISCO DOWNTOWN, CA US",37.7705,-122.4269,45.7,9/10/2021,0.02,",,W,2400",,,,,63,",,W",57,",,W"
USW00023272,"SAN FRANCISCO DOWNTOWN, CA US",37.7705,-122.4269,45.7,9/11/2021,0,",,W,2400",,,,,66,",,W",57,",,W"
USW00023272,"SAN FRANCISCO DOWNTOWN, CA US",37.7705,-122.4269,45.7,9/12/2021,0,",,W,2400",,,,,68,",,W",55,",,W"
USW00023272,"SAN FRANCISCO DOWNTOWN, CA US",37.7705,-122.4269,45.7,9/13/2021,0,",,W,2400",,,,,69,",,W",57,",,W"
USW00023272,"SAN FRANCISCO DOWNTOWN, CA US",37.7705,-122.4269,45.7,9/14/2021,0,",,W,2400",,,,,65,",,W",54,",,W"
USW00023272,"SAN FRANCISCO DOWNTOWN, CA US",37.7705,-122.4269,45.7,9/15/2021,0,",,W,2400",,,,,63,",,W",55,",,W"
USW00023272,"SAN FRANCISCO DOWNTOWN, CA US",37.7705,-122.4269,45.7,9/16/2021,0,",,W,2400",,,,,60,",,W",55,",,W"
USW00023272,"SAN FRANCISCO DOWNTOWN, CA US",37.7705,-122.4269,45.7,9/17/2021,0,",,W,2400",,,,,64,",,W",54,",,W"
USW00023272,"SAN FRANCISCO DOWNTOWN, CA US",37.7705,-122.4269,45.7,9/18/2021,0.02,",,W,2400",,,,,67,",,W",56,",,W"
USW00023272,"SAN FRANCISCO DOWNTOWN, CA US",37.7705,-122.4269,45.7,9/19/2021,0,",,W,2400",,,,,68,",,W",58,",,W"
USW00023272,"SAN FRANCISCO DOWNTOWN, CA US",37.7705,-122.4269,45.7,9/20/2021,0,",,W,2400",,,,,83,",,W",58,",,W"
USW00023272,"SAN FRANCISCO DOWNTOWN, CA US",37.7705,-122.4269,45.7,9/21/2021,0,",,W,2400",,,,,84,",,W",62,",,W"
USW00023272,"SAN FRANCISCO DOWNTOWN, CA US",37.7705,-122.4269,45.7,9/22/2021,0,",,W,2400",,,,,68,",,W",55,",,W"
USW00023272,"SAN FRANCISCO DOWNTOWN, CA US",37.7705,-122.4269,45.7,9/23/2021,0,",,W,2400",,,,,72,",,W",53,",,W"
USW00023272,"SAN FRANCISCO DOWNTOWN, CA US",37.7705,-122.4269,45.7,9/24/2021,0,",,W,2400",,,,,66,",,W",54,",,W"
USW00023272,"SAN FRANCISCO DOWNTOWN, CA US",37.7705,-122.4269,45.7,9/25/2021,0,",,W,2400",,,,,61,",,W",57,",,W"
USW00023272,"SAN FRANCISCO DOWNTOWN, CA US",37.7705,-122.4269,45.7,9/26/2021,0,",,W,2400",,,,,62,",,W",58,",,W"
USW00023272,"SAN FRANCISCO DOWNTOWN, CA US",37.7705,-122.4269,45.7,9/27/2021,0.03,",,W,2400",,,,,67,",,W",58,",,W"
USW00023272,"SAN FRANCISCO DOWNTOWN, CA US",37.7705,-122.4269,45.7,9/28/2021,0,",,W,2400",,,,,70,",,W",56,",,W"
USW00023272,"SAN FRANCISCO DOWNTOWN, CA US",37.7705,-122.4269,45.7,9/29/2021,0,",,W,2400",,,,,69,",,W",54,",,W"
USW00023272,"SAN FRANCISCO DOWNTOWN, CA US",37.7705,-122.4269,45.7,9/30/2021,0,",,W,2400",,,,,83,",,W",56,",,W"
USW00023272,"SAN FRANCISCO DOWNTOWN, CA US",37.7705,-122.4269,45.7,10/1/2021,0,",,W,2400",,,,,85,",,W",55,",,W"
USW00023272,"SAN FRANCISCO DOWNTOWN, CA US",37.7705,-122.4269,45.7,10/2/2021,0,",,W,2400",,,,,85,",,W",56,",,W"
USW00023272,"SAN FRANCISCO DOWNTOWN, CA US",37.7705,-122.4269,45.7,10/3/2021,0,",,W,2400",,,,,85,",,W",55,",,W"
USW00023272,"SAN FRANCISCO DOWNTOWN, CA US",37.7705,-122.4269,45.7,10/4/2021,0,",,W,2400",,,,,73,",,W",54,",,W"
USW00023272,"SAN FRANCISCO DOWNTOWN, CA US",37.7705,-122.4269,45.7,10/5/2021,0,",,W,2400",,,,,64,",,W",54,",,W"
USW00023272,"SAN FRANCISCO DOWNTOWN, CA US",37.7705,-122.4269,45.7,10/6/2021,0,",,W,2400",,,,,62,",,W",55,",,W"
USW00023272,"SAN FRANCISCO DOWNTOWN, CA US",37.7705,-122.4269,45.7,10/7/2021,0,",,W,2400",,,,,60,",,W",54,",,W"
USW00023272,"SAN FRANCISCO DOWNTOWN, CA US",37.7705,-122.4269,45.7,10/8/2021,0,",,W,2400",,,,,60,",,W",53,",,W"
USW00023272,"SAN FRANCISCO DOWNTOWN, CA US",37.7705,-122.4269,45.7,10/9/2021,0,",,W,2400",,,,,68,",,W",54,",,W"
USW00023272,"SAN FRANCISCO DOWNTOWN, CA US",37.7705,-122.4269,45.7,10/10/2021,0,",,W,2400",,,,,70,",,W",52,",,W"
USW00023272,"SAN FRANCISCO DOWNTOWN, CA US",37.7705,-122.4269,45.7,10/11/2021,0,",,W,2400",,,,,63,",,W",53,",,W"
USW00023272,"SAN FRANCISCO DOWNTOWN, CA US",37.7705,-122.4269,45.7,10/12/2021,0,",,W,2400",,,,,66,",,W",52,",,W"
USW00023272,"SAN FRANCISCO DOWNTOWN, CA US",37.7705,-122.4269,45.7,10/13/2021,0,",,W,2400",,,,,59,",,W",51,",,W"
USW00023272,"SAN FRANCISCO DOWNTOWN, CA US",37.7705,-122.4269,45.7,10/14/2021,0,",,W,2400",,,,,69,",,W",51,",,W"
USW00023272,"SAN FRANCISCO DOWNTOWN, CA US",37.7705,-122.4269,45.7,10/15/2021,0,",,W,2400",,,,,78,",,W",54,",,W"
USW00023272,"SAN FRANCISCO DOWNTOWN, CA US",37.7705,-122.4269,45.7,10/16/2021,0,",,W,2400",,,,,81,",,W",57,",,W"
USW00023272,"SAN FRANCISCO DOWNTOWN, CA US",37.7705,-122.4269,45.7,10/17/2021,0.08,",,W,2400",,,,,63,",,W",52,",,W"
USW00023272,"SAN FRANCISCO DOWNTOWN, CA US",37.7705,-122.4269,45.7,10/18/2021,0,",,W,2400",,,,,60,",,W",51,",,W"
USW00023272,"SAN FRANCISCO DOWNTOWN, CA US",37.7705,-122.4269,45.7,10/19/2021,0.03,",,W,2400",,,,,64,",,W",50,",,W"
USW00023272,"SAN FRANCISCO DOWNTOWN, CA US",37.7705,-122.4269,45.7,10/20/2021,0.49,",,W,2400",,,,,62,",,W",55,",,W"
USW00023272,"SAN FRANCISCO DOWNTOWN, CA US",37.7705,-122.4269,45.7,10/21/2021,0.63,",,W,2400",,,,,67,",,W",60,",,W"
USW00023272,"SAN FRANCISCO DOWNTOWN, CA US",37.7705,-122.4269,45.7,10/22/2021,0.66,",,W,2400",,,,,64,",,W",55,",,W"
USW00023272,"SAN FRANCISCO DOWNTOWN, CA US",37.7705,-122.4269,45.7,10/23/2021,0.82,",,W,2400",,,,,64,",,W",56,",,W"
USW00023272,"SAN FRANCISCO DOWNTOWN, CA US",37.7705,-122.4269,45.7,10/24/2021,4.02,",,W,2400",,,,,62,",,W",56,",,W"
USW00023272,"SAN FRANCISCO DOWNTOWN, CA US",37.7705,-122.4269,45.7,10/25/2021,0.31,",,W,2400",,,,,62,",,W",55,",,W"
USW00023272,"SAN FRANCISCO DOWNTOWN, CA US",37.7705,-122.4269,45.7,10/26/2021,0,",,W,2400",,,,,65,",,W",56,",,W"
USW00023272,"SAN FRANCISCO DOWNTOWN, CA US",37.7705,-122.4269,45.7,10/27/2021,0,",,W,2400",,,,,69,",,W",56,",,W"
USW00023272,"SAN FRANCISCO DOWNTOWN, CA US",37.7705,-122.4269,45.7,10/28/2021,0,",,W,2400",,,,,74,",,W",58,",,W"
USW00023272,"SAN FRANCISCO DOWNTOWN, CA US",37.7705,-122.4269,45.7,10/29/2021,0,",,W,2400",,,,,74,",,W",56,",,W"
USW00023272,"SAN FRANCISCO DOWNTOWN, CA US",37.7705,-122.4269,45.7,10/30/2021,0,",,W,2400",,,,,61,",,W",56,",,W"
USW00023272,"SAN FRANCISCO DOWNTOWN, CA US",37.7705,-122.4269,45.7,10/31/2021,0,",,W,2400",,,,,62,",,W",55,",,W"
USW00023272,"SAN FRANCISCO DOWNTOWN, CA US",37.7705,-122.4269,45.7,11/1/2021,0.23,",,W,2400",,,,,61,",,W",59,",,W"
USW00023272,"SAN FRANCISCO DOWNTOWN, CA US",37.7705,-122.4269,45.7,11/2/2021,0,",,W,2400",,,,,67,",,W",58,",,W"
USW00023272,"SAN FRANCISCO DOWNTOWN, CA US",37.7705,-122.4269,45.7,11/3/2021,0,",,W,2400",,,,,70,",,W",55,",,W"
USW00023272,"SAN FRANCISCO DOWNTOWN, CA US",37.7705,-122.4269,45.7,11/4/2021,0.14,",,W,2400",,,,,64,",,W",56,",,W"
USW00023272,"SAN FRANCISCO DOWNTOWN, CA US",37.7705,-122.4269,45.7,11/5/2021,0,",,W,2400",,,,,64,",,W",51,",,W"
USW00023272,"SAN FRANCISCO DOWNTOWN, CA US",37.7705,-122.4269,45.7,11/6/2021,0,",,W,2400",,,,,62,",,W",55,",,W"
USW00023272,"SAN FRANCISCO DOWNTOWN, CA US",37.7705,-122.4269,45.7,11/7/2021,0,",,W,2400",,,,,60,",,W",49,",,W"
USW00023272,"SAN FRANCISCO DOWNTOWN, CA US",37.7705,-122.4269,45.7,11/8/2021,0.56,",,W,2400",,,,,63,",,W",50,",,W"
USW00023272,"SAN FRANCISCO DOWNTOWN, CA US",37.7705,-122.4269,45.7,11/9/2021,0.34,",,W,2400",,,,,62,",,W",51,",,W"
USW00023272,"SAN FRANCISCO DOWNTOWN, CA US",37.7705,-122.4269,45.7,11/10/2021,0,",,W,2400",,,,,65,",,W",56,",,W"
USW00023272,"SAN FRANCISCO DOWNTOWN, CA US",37.7705,-122.4269,45.7,11/11/2021,0,",,W,2400",,,,,69,",,W",53,",,W"
USW00023272,"SAN FRANCISCO DOWNTOWN, CA US",37.7705,-122.4269,45.7,11/12/2021,0,",,W,2400",,,,,70,",,W",56,",,W"
USW00023272,"SAN FRANCISCO DOWNTOWN, CA US",37.7705,-122.4269,45.7,11/13/2021,0,",,W,2400",,,,,72,",,W",55,",,W"
USW00023272,"SAN FRANCISCO DOWNTOWN, CA US",37.7705,-122.4269,45.7,11/14/2021,0,",,W,2400",,,,,62,",,W",54,",,W"
USW00023272,"SAN FRANCISCO DOWNTOWN, CA US",37.7705,-122.4269,45.7,11/15/2021,0,",,W,2400",,,,,60,",,W",53,",,W"
USW00023272,"SAN FRANCISCO DOWNTOWN, CA US",37.7705,-122.4269,45.7,11/16/2021,0,",,W,2400",,,,,62,",,W",54,",,W"
USW00023272,"SAN FRANCISCO DOWNTOWN, CA US",37.7705,-122.4269,45.7,11/17/2021,0,",,W,2400",,,,,65,",,W",51,",,W"
USW00023272,"SAN FRANCISCO DOWNTOWN, CA US",37.7705,-122.4269,45.7,11/18/2021,0,",,W,2400",,,,,59,",,W",52,",,W"
USW00023272,"SAN FRANCISCO DOWNTOWN, CA US",37.7705,-122.4269,45.7,11/19/2021,0.01,",,W,2400",,,,,59,",,W",54,",,W"
USW00023272,"SAN FRANCISCO DOWNTOWN, CA US",37.7705,-122.4269,45.7,11/20/2021,0,",,W,2400",,,,,65,",,W",52,",,W"
USW00023272,"SAN FRANCISCO DOWNTOWN, CA US",37.7705,-122.4269,45.7,11/21/2021,0,",,W,2400",,,,,68,",,W",50,",,W"
USW00023272,"SAN FRANCISCO DOWNTOWN, CA US",37.7705,-122.4269,45.7,11/22/2021,0,",,W,2400",,,,,66,",,W",51,",,W"
USW00023272,"SAN FRANCISCO DOWNTOWN, CA US",37.7705,-122.4269,45.7,11/23/2021,0,",,W,2400",,,,,63,",,W",50,",,W"
USW00023272,"SAN FRANCISCO DOWNTOWN, CA US",37.7705,-122.4269,45.7,11/24/2021,0,",,W,2400",,,,,65,",,W",49,",,W"
USW00023272,"SAN FRANCISCO DOWNTOWN, CA US",37.7705,-122.4269,45.7,11/25/2021,0,",,W,2400",,,,,62,",,W",50,",,W"
USW00023272,"SAN FRANCISCO DOWNTOWN, CA US",37.7705,-122.4269,45.7,11/26/2021,0,",,W,2400",,,,,64,",,W",51,",,W"
USW00023272,"SAN FRANCISCO DOWNTOWN, CA US",37.7705,-122.4269,45.7,11/27/2021,0,",,W,2400",,,,,68,",,W",51,",,W"
USW00023272,"SAN FRANCISCO DOWNTOWN, CA US",37.7705,-122.4269,45.7,11/28/2021,0,",,W,2400",,,,,67,",,W",54,",,W"
USW00023272,"SAN FRANCISCO DOWNTOWN, CA US",37.7705,-122.4269,45.7,11/29/2021,0,",,W,2400",,,,,68,",,W",52,",,W"
USW00023272,"SAN FRANCISCO DOWNTOWN, CA US",37.7705,-122.4269,45.7,11/30/2021,0,",,W,2400",,,,,70,",,W",51,",,W"
USW00023272,"SAN FRANCISCO DOWNTOWN, CA US",37.7705,-122.4269,45.7,12/1/2021,0,",,W,2400",,,0,",,W",73,",,W",55,",,W"
USW00023272,"SAN FRANCISCO DOWNTOWN, CA US",37.7705,-122.4269,45.7,12/2/2021,0,",,W,2400",,,0,",,W",67,",,W",52,",,W"
USW00023272,"SAN FRANCISCO DOWNTOWN, CA US",37.7705,-122.4269,45.7,12/3/2021,0,",,W,2400",,,0,",,W",56,",,W",51,",,W"
USW00023272,"SAN FRANCISCO DOWNTOWN, CA US",37.7705,-122.4269,45.7,12/4/2021,0,",,W,2400",,,0,",,W",59,",,W",52,",,W"
USW00023272,"SAN FRANCISCO DOWNTOWN, CA US",37.7705,-122.4269,45.7,12/5/2021,0,",,W,2400",,,0,",,W",59,",,W",50,",,W"
USW00023272,"SAN FRANCISCO DOWNTOWN, CA US",37.7705,-122.4269,45.7,12/6/2021,0.01,",,W,2400",,,0,",,W",52,",,W",48,",,W"
USW00023272,"SAN FRANCISCO DOWNTOWN, CA US",37.7705,-122.4269,45.7,12/7/2021,0.03,",,W,2400",,,0,",,W",61,",,W",51,",,W"
USW00023272,"SAN FRANCISCO DOWNTOWN, CA US",37.7705,-122.4269,45.7,12/8/2021,0,",,W,2400",,,0,",,W",55,",,W",51,",,W"
USW00023272,"SAN FRANCISCO DOWNTOWN, CA US",37.7705,-122.4269,45.7,12/9/2021,0.01,",,W,2400",,,0,",,W",57,",,W",49,",,W"
USW00023272,"SAN FRANCISCO DOWNTOWN, CA US",37.7705,-122.4269,45.7,12/10/2021,0,",,W,2400",,,0,",,W",56,",,W",44,",,W"
USW00023272,"SAN FRANCISCO DOWNTOWN, CA US",37.7705,-122.4269,45.7,12/11/2021,0,",,W,2400",,,0,",,W",58,",,W",44,",,W"
USW00023272,"SAN FRANCISCO DOWNTOWN, CA US",37.7705,-122.4269,45.7,12/12/2021,0.6,",,W,2400",,,0,",,W",53,",,W",48,",,W"
USW00023272,"SAN FRANCISCO DOWNTOWN, CA US",37.7705,-122.4269,45.7,12/13/2021,2.57,",,W,2400",,,0,",,W",60,",,W",44,",,W"
USW00023272,"SAN FRANCISCO DOWNTOWN, CA US",37.7705,-122.4269,45.7,12/14/2021,0.21,",,W,2400",,,0,",,W",51,",,W",43,",,W"
USW00023272,"SAN FRANCISCO DOWNTOWN, CA US",37.7705,-122.4269,45.7,12/15/2021,0.5,",,W,2400",,,0,",,W",54,",,W",44,",,W"
USW00023272,"SAN FRANCISCO DOWNTOWN, CA US",37.7705,-122.4269,45.7,12/16/2021,0.25,",,W,2400",,,0,",,W",56,",,W",49,",,W"
USW00023272,"SAN FRANCISCO DOWNTOWN, CA US",37.7705,-122.4269,45.7,12/17/2021,0,",,W,2400",,,0,",,W",54,",,W",44,",,W"
USW00023272,"SAN FRANCISCO DOWNTOWN, CA US",37.7705,-122.4269,45.7,12/18/2021,0,",,W,2400",,,0,",,W",52,",,W",42,",,W"
USW00023272,"SAN FRANCISCO DOWNTOWN, CA US",37.7705,-122.4269,45.7,12/19/2021,0,",,W,2400",,,0,",,W",50,",,W",43,",,W"
USW00023272,"SAN FRANCISCO DOWNTOWN, CA US",37.7705,-122.4269,45.7,12/20/2021,0,",,W,2400",,,0,",,W",54,",,W",45,",,W"
USW00023272,"SAN FRANCISCO DOWNTOWN, CA US",37.7705,-122.4269,45.7,12/21/2021,0.16,",,W,2400",,,0,",,W",53,",,W",44,",,W"
USW00023272,"SAN FRANCISCO DOWNTOWN, CA US",37.7705,-122.4269,45.7,12/22/2021,0.67,",,Z,2400",,,0,",,W",53,",,W",46,",,W"
USW00023272,"SAN FRANCISCO DOWNTOWN, CA US",37.7705,-122.4269,45.7,12/23/2021,0.83,",,W,2400",,,0,",,W",57,",,W",52,",,W"
USW00023272,"SAN FRANCISCO DOWNTOWN, CA US",37.7705,-122.4269,45.7,12/24/2021,0.09,",,W,2400",,,0,",,W",54,",,W",48,",,W"
USW00023272,"SAN FRANCISCO DOWNTOWN, CA US",37.7705,-122.4269,45.7,12/25/2021,0.6,",,W,2400",,,0,",,W",53,",,W",44,",,W"
USW00023272,"SAN FRANCISCO DOWNTOWN, CA US",37.7705,-122.4269,45.7,12/26/2021,0.24,",,W,2400",,,0,",,W",50,",,W",43,",,W"
USW00023272,"SAN FRANCISCO DOWNTOWN, CA US",37.7705,-122.4269,45.7,12/27/2021,0.53,",,W,2400",,,0,",,W",51,",,W",44,",,W"
USW00023272,"SAN FRANCISCO DOWNTOWN, CA US",37.7705,-122.4269,45.7,12/28/2021,0,",,W,2400",,,0,",,W",48,",,W",43,",,W"
USW00023272,"SAN FRANCISCO DOWNTOWN, CA US",37.7705,-122.4269,45.7,12/29/2021,0.61,",,W,2400",,,0,",,W",49,",,W",44,",,W"
USW00023272,"SAN FRANCISCO DOWNTOWN, CA US",37.7705,-122.4269,45.7,12/30/2021,0,",,W,2400",,,0,",,W",53,",,W",42,",,W"
USW00023272,"SAN FRANCISCO DOWNTOWN, CA US",37.7705,-122.4269,45.7,12/31/2021,0,",,W,2400",,,0,",,W",53,",,W",42,",,W"
